Date,Temp
01/01/81,20.7
01/02/81,17.9
01/03/81,18.8
01/04/81,14.6
01/05/81,15.8
01/06/81,15.8
01/07/81,15.8
01/08/81,17.4
01/09/81,21.8
01/10/81,20
01/11/81,16.2
01/12/81,13.3
01/13/81,16.7
01/14/81,21.5
01/15/81,25
01/16/81,20.7
01/17/81,20.6
01/18/81,24.8
01/19/81,17.7
01/20/81,15.5
01/21/81,18.2
01/22/81,12.1
01/23/81,14.4
01/24/81,16
01/25/81,16.5
01/26/81,18.7
01/27/81,19.4
01/28/81,17.2
01/29/81,15.5
01/30/81,15.1
01/31/81,15.4
02/01/81,15.3
02/02/81,18.8
02/03/81,21.9
02/04/81,19.9
02/05/81,16.6
02/06/81,16.8
02/07/81,14.6
02/08/81,17.1
02/09/81,25
02/10/81,15
02/11/81,13.7
02/12/81,13.9
02/13/81,18.3
02/14/81,22
02/15/81,22.1
02/16/81,21.2
02/17/81,18.4
02/18/81,16.6
02/19/81,16.1
02/20/81,15.7
02/21/81,16.6
02/22/81,16.5
02/23/81,14.4
02/24/81,14.4
02/25/81,18.5
02/26/81,16.9
02/27/81,17.5
02/28/81,21.2
03/01/81,17.8
03/02/81,18.6
03/03/81,17
03/04/81,16
03/05/81,13.3
03/06/81,14.3
03/07/81,11.4
03/08/81,16.3
03/09/81,16.1
03/10/81,11.8
03/11/81,12.2
03/12/81,14.7
03/13/81,11.8
03/14/81,11.3
03/15/81,10.6
03/16/81,11.7
03/17/81,14.2
03/18/81,11.2
03/19/81,16.9
03/20/81,16.7
03/21/81,8.1
03/22/81,8
03/23/81,8.8
03/24/81,13.4
03/25/81,10.9
03/26/81,13.4
03/27/81,11
03/28/81,15
03/29/81,15.7
03/30/81,14.5
03/31/81,15.8
04/01/81,16.7
04/02/81,16.8
04/03/81,17.5
04/04/81,17.1
04/05/81,18.1
04/06/81,16.6
04/07/81,10
04/08/81,14.9
04/09/81,15.9
04/10/81,13
04/11/81,7.6
04/12/81,11.5
04/13/81,13.5
04/14/81,13
04/15/81,13.3
04/16/81,12.1
04/17/81,12.4
04/18/81,13.2
04/19/81,13.8
04/20/81,10.6
04/21/81,9
04/22/81,10
04/23/81,9.8
04/24/81,11.5
04/25/81,8.9
04/26/81,7.4
04/27/81,9.9
04/28/81,9.3
04/29/81,9.9
04/30/81,7.4
05/01/81,8.6
05/02/81,11.9
05/03/81,14
05/04/81,8.6
05/05/81,10
05/06/81,13.5
05/07/81,12
05/08/81,10.5
05/09/81,10.7
05/10/81,8.1
05/11/81,10.1
05/12/81,10.6
05/13/81,5.3
05/14/81,6.6
05/15/81,8.5
05/16/81,11.2
05/17/81,9.8
05/18/81,5.9
05/19/81,3.2
05/20/81,2.1
05/21/81,3.4
05/22/81,5.4
05/23/81,9.6
05/24/81,11.5
05/25/81,12.3
05/26/81,12.6
05/27/81,11
05/28/81,11.2
05/29/81,11.4
05/30/81,11.8
05/31/81,12.8
06/01/81,11.6
06/02/81,10.6
06/03/81,9.8
06/04/81,11.2
06/05/81,5.7
06/06/81,7.1
06/07/81,2.5
06/08/81,3.5
06/09/81,4.6
06/10/81,11
06/11/81,5.7
06/12/81,7.7
06/13/81,10.4
06/14/81,11.4
06/15/81,9.2
06/16/81,6.1
06/17/81,2.7
06/18/81,4.3
06/19/81,6.3
06/20/81,3.8
06/21/81,4.4
06/22/81,7.1
06/23/81,4.8
06/24/81,5.8
06/25/81,6.2
06/26/81,7.3
06/27/81,9.2
06/28/81,10.2
06/29/81,9.5
06/30/81,9.5
07/01/81,10.7
07/02/81,10
07/03/81,6.5
07/04/81,7
07/05/81,7.4
07/06/81,8.1
07/07/81,6.6
07/08/81,8.3
07/09/81,8.9
07/10/81,4.6
07/11/81,6.8
07/12/81,5.7
07/13/81,6.1
07/14/81,7
07/15/81,7.2
07/16/81,6.3
07/17/81,8.8
07/18/81,5
07/19/81,7.4
07/20/81,10.1
07/21/81,12
07/22/81,9
07/23/81,8.9
07/24/81,9.8
07/25/81,9
07/26/81,9.2
07/27/81,7.7
07/28/81,8
07/29/81,6.1
07/30/81,3.5
07/31/81,3.2
08/01/81,5.7
08/02/81,7.7
08/03/81,9
08/04/81,10
08/05/81,6.2
08/06/81,6.9
08/07/81,6.5
08/08/81,6.8
08/09/81,7
08/10/81,5.2
08/11/81,3
08/12/81,5.6
08/13/81,7.9
08/14/81,9
08/15/81,8.6
08/16/81,10.3
08/17/81,10.5
08/18/81,7.6
08/19/81,9.7
08/20/81,12.5
08/21/81,7.4
08/22/81,7.9
08/23/81,3.9
08/24/81,6.6
08/25/81,4.6
08/26/81,7
08/27/81,6
08/28/81,5.5
08/29/81,8.1
08/30/81,5.5
08/31/81,6.2
09/01/81,8
09/02/81,10.3
09/03/81,9.8
09/04/81,9.6
09/05/81,8.5
09/06/81,7.5
09/07/81,11.2
09/08/81,14.6
09/09/81,11.7
09/10/81,7.8
09/11/81,12.3
09/12/81,10.1
09/13/81,11.5
09/14/81,7.3
09/15/81,10.9
09/16/81,14.1
09/17/81,10.7
09/18/81,16.9
09/19/81,10.5
09/20/81,6.5
09/21/81,11
09/22/81,6.3
09/23/81,10.5
09/24/81,7.2
09/25/81,7.6
09/26/81,10.7
09/27/81,7.8
09/28/81,9.6
09/29/81,11.4
09/30/81,12.4
10/01/81,8.9
10/02/81,13.2
10/03/81,8.6
10/04/81,6.2
10/05/81,11.4
10/06/81,13.2
10/07/81,14.3
10/08/81,7.3
10/09/81,12.9
10/10/81,7.8
10/11/81,6.2
10/12/81,5.6
10/13/81,10
10/14/81,13.3
10/15/81,8.3
10/16/81,10.2
10/17/81,8.6
10/18/81,7.3
10/19/81,10.4
10/20/81,11.2
10/21/81,13.2
10/22/81,11.4
10/23/81,9.1
10/24/81,6.6
10/25/81,8.4
10/26/81,9.7
10/27/81,13.2
10/28/81,12.5
10/29/81,11
10/30/81,11
10/31/81,11.7
11/01/81,9.2
11/02/81,11.5
11/03/81,13.6
11/04/81,13.7
11/05/81,10.4
11/06/81,11.5
11/07/81,7.6
11/08/81,9.6
11/09/81,14.2
11/10/81,15.7
11/11/81,10.5
11/12/81,10.5
11/13/81,9.7
11/14/81,9.5
11/15/81,11.3
11/16/81,8.9
11/17/81,9.4
11/18/81,11.9
11/19/81,11.7
11/20/81,13.4
11/21/81,12.6
11/22/81,10.1
11/23/81,15.8
11/24/81,13.6
11/25/81,11.9
11/26/81,9.9
11/27/81,12.6
11/28/81,17.8
11/29/81,15
11/30/81,13.6
12/01/81,13.4
12/02/81,10.5
12/03/81,14.2
12/04/81,11.5
12/05/81,13
12/06/81,15
12/07/81,14.7
12/08/81,12.6
12/09/81,12.5
12/10/81,13.5
12/11/81,14.8
12/12/81,17.2
12/13/81,9.7
12/14/81,12.1
12/15/81,12.8
12/16/81,11.2
12/17/81,16.4
12/18/81,15.6
12/19/81,13.3
12/20/81,11
12/21/81,11.1
12/22/81,15
12/23/81,12.8
12/24/81,15
12/25/81,14.2
12/26/81,14
12/27/81,15.5
12/28/81,13.3
12/29/81,15.6
12/30/81,15.2
12/31/81,17.4
01/01/82,17
01/02/82,15
01/03/82,13.5
01/04/82,15.2
01/05/82,13
01/06/82,12.5
01/07/82,14.1
01/08/82,14.8
01/09/82,16.2
01/10/82,15.8
01/11/82,19.1
01/12/82,22.2
01/13/82,15.9
01/14/82,13
01/15/82,14.1
01/16/82,15.8
01/17/82,24
01/18/82,18
01/19/82,19.7
01/20/82,25.2
01/21/82,20.5
01/22/82,19.3
01/23/82,15.8
01/24/82,17
01/25/82,18.4
01/26/82,13.3
01/27/82,14.6
01/28/82,12.5
01/29/82,17
01/30/82,17.1
01/31/82,14
02/01/82,14.6
02/02/82,13.3
02/03/82,14.8
02/04/82,15.1
02/05/82,13.1
02/06/82,13.6
02/07/82,19.5
02/08/82,22.7
02/09/82,17.2
02/10/82,13.5
02/11/82,15.4
02/12/82,17
02/13/82,19.2
02/14/82,22.8
02/15/82,26.3
02/16/82,18.2
02/17/82,17
02/18/82,14.8
02/19/82,12.8
02/20/82,15.5
02/21/82,15.6
02/22/82,13.1
02/23/82,15.2
02/24/82,14.1
02/25/82,12.5
02/26/82,14.6
02/27/82,10.4
02/28/82,13.9
03/01/82,11.9
03/02/82,13.5
03/03/82,9.8
03/04/82,14
03/05/82,21.5
03/06/82,19.5
03/07/82,16.7
03/08/82,19.1
03/09/82,11
03/10/82,9
03/11/82,10
03/12/82,14.6
03/13/82,12.5
03/14/82,17.2
03/15/82,19.2
03/16/82,22.2
03/17/82,15.7
03/18/82,14.2
03/19/82,9.8
03/20/82,14
03/21/82,17.5
03/22/82,20.7
03/23/82,15.6
03/24/82,13.2
03/25/82,14.5
03/26/82,16.8
03/27/82,17.2
03/28/82,13.4
03/29/82,14.2
03/30/82,14.3
03/31/82,10.2
04/01/82,10.4
04/02/82,12.3
04/03/82,11.9
04/04/82,11.2
04/05/82,8.5
04/06/82,12
04/07/82,12.4
04/08/82,12.9
04/09/82,10.1
04/10/82,15
04/11/82,13.6
04/12/82,12.4
04/13/82,13.6
04/14/82,16.1
04/15/82,19.5
04/16/82,14.2
04/17/82,9.3
04/18/82,10.1
04/19/82,7.4
04/20/82,8.6
04/21/82,7.8
04/22/82,9.1
04/23/82,13
04/24/82,16.5
04/25/82,12.9
04/26/82,6.9
04/27/82,6.9
04/28/82,8.7
04/29/82,10
04/30/82,10.8
05/01/82,7.5
05/02/82,6.3
05/03/82,11.9
05/04/82,13.8
05/05/82,11.8
05/06/82,11
05/07/82,10.1
05/08/82,8.5
05/09/82,5.5
05/10/82,7.6
05/11/82,8.7
05/12/82,10.8
05/13/82,11.2
05/14/82,9.1
05/15/82,3.7
05/16/82,4.6
05/17/82,6.6
05/18/82,13.2
05/19/82,15.2
05/20/82,7.6
05/21/82,8.4
05/22/82,6
05/23/82,8.3
05/24/82,8.6
05/25/82,11.1
05/26/82,12.1
05/27/82,12.9
05/28/82,14
05/29/82,12.5
05/30/82,11.5
05/31/82,7
06/01/82,7.1
06/02/82,9
06/03/82,3.1
06/04/82,2.5
06/05/82,0
06/06/82,1.6
06/07/82,2.6
06/08/82,5.7
06/09/82,2.3
06/10/82,4.5
06/11/82,8.2
06/12/82,6.9
06/13/82,7.3
06/14/82,6
06/15/82,7.3
06/16/82,7.6
06/17/82,8
06/18/82,8
06/19/82,6.8
06/20/82,7.3
06/21/82,6.2
06/22/82,6.9
06/23/82,8.9
06/24/82,4
06/25/82,1.3
06/26/82,0.8
06/27/82,4.3
06/28/82,7.3
06/29/82,7.7
06/30/82,9
07/01/82,4.2
07/02/82,1.6
07/03/82,2.6
07/04/82,3.4
07/05/82,3.9
07/06/82,7
07/07/82,7.8
07/08/82,5.3
07/09/82,2.4
07/10/82,2.8
07/11/82,4
07/12/82,7.5
07/13/82,7.8
07/14/82,5.6
07/15/82,3.3
07/16/82,5
07/17/82,3.7
07/18/82,3.9
07/19/82,5.2
07/20/82,?0.2
07/21/82,?0.8
07/22/82,0.9
07/23/82,3.5
07/24/82,6.6
07/25/82,9.5
07/26/82,9
07/27/82,3.5
07/28/82,4.5
07/29/82,5.7
07/30/82,5.6
07/31/82,7.1
08/01/82,9.7
08/02/82,8.3
08/03/82,9.1
08/04/82,2.8
08/05/82,2.2
08/06/82,4.5
08/07/82,3.8
08/08/82,3.8
08/09/82,6.2
08/10/82,11.5
08/11/82,10.2
08/12/82,7.9
08/13/82,9
08/14/82,9.5
08/15/82,6
08/16/82,8.2
08/17/82,9.2
08/18/82,4.3
08/19/82,6.6
08/20/82,9.4
08/21/82,13.2
08/22/82,6.6
08/23/82,5.1
08/24/82,12.1
08/25/82,11.2
08/26/82,8.5
08/27/82,4.6
08/28/82,7
08/29/82,14.2
08/30/82,12.7
08/31/82,7.6
09/01/82,4
09/02/82,10
09/03/82,10.5
09/04/82,5
09/05/82,4.5
09/06/82,8.2
09/07/82,4.3
09/08/82,9.8
09/09/82,5.8
09/10/82,5
09/11/82,8.5
09/12/82,9
09/13/82,3.6
09/14/82,6.7
09/15/82,6.7
09/16/82,10.1
09/17/82,15
09/18/82,8.9
09/19/82,5.7
09/20/82,4.2
09/21/82,4
09/22/82,5.3
09/23/82,6.3
09/24/82,8.5
09/25/82,11.5
09/26/82,7.7
09/27/82,9.2
09/28/82,7.8
09/29/82,6.3
09/30/82,6.3
10/01/82,8.6
10/02/82,6.1
10/03/82,13.2
10/04/82,9.9
10/05/82,4.7
10/06/82,5.8
10/07/82,14.9
10/08/82,10.7
10/09/82,8.6
10/10/82,9.4
10/11/82,5.7
10/12/82,10.9
10/13/82,13.1
10/14/82,10.4
10/15/82,8.2
10/16/82,9.8
10/17/82,7.5
10/18/82,5.8
10/19/82,9.8
10/20/82,7.9
10/21/82,8.7
10/22/82,10
10/23/82,10.6
10/24/82,8
10/25/82,10.2
10/26/82,15.1
10/27/82,13.9
10/28/82,9.2
10/29/82,9
10/30/82,13.2
10/31/82,7
11/01/82,10.6
11/02/82,6.9
11/03/82,9.5
11/04/82,12.5
11/05/82,13.6
11/06/82,17.7
11/07/82,16
11/08/82,11.3
11/09/82,10.5
11/10/82,14.4
11/11/82,10.3
11/12/82,9
11/13/82,11.1
11/14/82,14.5
11/15/82,18
11/16/82,12.8
11/17/82,10.7
11/18/82,9.1
11/19/82,8.7
11/20/82,12.4
11/21/82,12.6
11/22/82,10.3
11/23/82,13.7
11/24/82,16
11/25/82,15.8
11/26/82,12.1
11/27/82,12.5
11/28/82,12.2
11/29/82,13.7
11/30/82,16.1
12/01/82,15.5
12/02/82,10.3
12/03/82,10.5
12/04/82,11
12/05/82,11.9
12/06/82,13
12/07/82,12.2
12/08/82,10.6
12/09/82,13
12/10/82,13
12/11/82,12.2
12/12/82,12.6
12/13/82,18.7
12/14/82,15.2
12/15/82,15.3
12/16/82,13.9
12/17/82,15.8
12/18/82,13
12/19/82,13
12/20/82,13.7
12/21/82,12
12/22/82,10.8
12/23/82,15.6
12/24/82,15.3
12/25/82,13.9
12/26/82,13
12/27/82,15.3
12/28/82,16.3
12/29/82,15.8
12/30/82,17.7
12/31/82,16.3
01/01/83,18.4
01/02/83,15
01/03/83,10.9
01/04/83,11.4
01/05/83,14.8
01/06/83,12.1
01/07/83,12.8
01/08/83,16.2
01/09/83,15.5
01/10/83,13
01/11/83,10.5
01/12/83,9.1
01/13/83,10.5
01/14/83,11.8
01/15/83,12.7
01/16/83,12.7
01/17/83,11.5
01/18/83,13.8
01/19/83,13.3
01/20/83,11.6
01/21/83,15.4
01/22/83,12.4
01/23/83,16.9
01/24/83,14.7
01/25/83,10.6
01/26/83,15.6
01/27/83,10.7
01/28/83,12.6
01/29/83,13.8
01/30/83,14.3
01/31/83,14
02/01/83,18.1
02/02/83,17.3
02/03/83,13
02/04/83,16
02/05/83,14.9
02/06/83,16.2
02/07/83,20.3
02/08/83,22.5
02/09/83,17.2
02/10/83,15.9
02/11/83,16.8
02/12/83,13.8
02/13/83,12.8
02/14/83,14
02/15/83,17.5
02/16/83,21.5
02/17/83,16.8
02/18/83,13.6
02/19/83,14.5
02/20/83,14.2
02/21/83,15.7
02/22/83,19.7
02/23/83,17.4
02/24/83,14.4
02/25/83,16.9
02/26/83,19.1
02/27/83,20.4
02/28/83,20.1
03/01/83,19.9
03/02/83,22
03/03/83,20.5
03/04/83,22.1
03/05/83,20.6
03/06/83,15
03/07/83,20.6
03/08/83,21.5
03/09/83,16.2
03/10/83,14.1
03/11/83,14.5
03/12/83,21.1
03/13/83,15.9
03/14/83,15.2
03/15/83,13.1
03/16/83,13.2
03/17/83,12.5
03/18/83,15.2
03/19/83,17.6
03/20/83,15.5
03/21/83,16.7
03/22/83,16.3
03/23/83,15.1
03/24/83,12.7
03/25/83,10
03/26/83,11.4
03/27/83,12.6
03/28/83,10.7
03/29/83,10
03/30/83,13.9
03/31/83,13.4
04/01/83,12.5
04/02/83,12.8
04/03/83,7.8
04/04/83,11.1
04/05/83,10.7
04/06/83,7.1
04/07/83,6.7
04/08/83,5.7
04/09/83,9.1
04/10/83,15.2
04/11/83,15.5
04/12/83,11.1
04/13/83,11.7
04/14/83,11.5
04/15/83,9.8
04/16/83,6.2
04/17/83,6.7
04/18/83,7.5
04/19/83,8.8
04/20/83,8
04/21/83,10.4
04/22/83,14.5
04/23/83,16.5
04/24/83,14.1
04/25/83,10.5
04/26/83,12.6
04/27/83,13
04/28/83,8.7
04/29/83,10.1
04/30/83,12
05/01/83,12.5
05/02/83,13.5
05/03/83,13.7
05/04/83,13.5
05/05/83,10.7
05/06/83,13
05/07/83,11.6
05/08/83,13
05/09/83,11.2
05/10/83,13.5
05/11/83,12.9
05/12/83,6.8
05/13/83,10
05/14/83,14.5
05/15/83,11.7
05/16/83,6.7
05/17/83,4.6
05/18/83,4.9
05/19/83,7.4
05/20/83,8.3
05/21/83,7.5
05/22/83,6.2
05/23/83,7.8
05/24/83,13.2
05/25/83,11.9
05/26/83,6.5
05/27/83,8.3
05/28/83,12.1
05/29/83,9.3
05/30/83,7.5
05/31/83,9.3
06/01/83,11
06/02/83,10.8
06/03/83,5.3
06/04/83,7.6
06/05/83,5.6
06/06/83,7.2
06/07/83,9.6
06/08/83,7
06/09/83,8.3
06/10/83,7.8
06/11/83,4.7
06/12/83,6.8
06/13/83,7.2
06/14/83,8.3
06/15/83,9.5
06/16/83,4.7
06/17/83,3
06/18/83,1.5
06/19/83,2.5
06/20/83,6.2
06/21/83,11.6
06/22/83,6.6
06/23/83,6.6
06/24/83,8
06/25/83,7.9
06/26/83,3.3
06/27/83,3.9
06/28/83,6
06/29/83,4
06/30/83,5.5
07/01/83,8.5
07/02/83,9.8
07/03/83,9.5
07/04/83,7.2
07/05/83,8.1
07/06/83,8
07/07/83,8.5
07/08/83,8.8
07/09/83,8.3
07/10/83,2.4
07/11/83,4.9
07/12/83,5.9
07/13/83,6.7
07/14/83,8.4
07/15/83,6.5
07/16/83,7.9
07/17/83,4.1
07/18/83,5.4
07/19/83,7.5
07/20/83,3.9
07/21/83,2.5
07/22/83,5.3
07/23/83,6.6
07/24/83,0
07/25/83,0.7
07/26/83,7.6
07/27/83,12.3
07/28/83,9.2
07/29/83,9.6
07/30/83,9.5
07/31/83,10
08/01/83,7.7
08/02/83,8
08/03/83,8.3
08/04/83,8.3
08/05/83,4.5
08/06/83,6.5
08/07/83,9.4
08/08/83,9.4
08/09/83,10.5
08/10/83,10.7
08/11/83,9.9
08/12/83,7.6
08/13/83,5.8
08/14/83,8.5
08/15/83,13.8
08/16/83,14.3
08/17/83,8.3
08/18/83,5.3
08/19/83,3
08/20/83,5.2
08/21/83,10.3
08/22/83,11.1
08/23/83,10.5
08/24/83,9
08/25/83,13
08/26/83,6.4
08/27/83,8.4
08/28/83,6.7
08/29/83,8.3
08/30/83,11.2
08/31/83,10
09/01/83,10.1
09/02/83,10.6
09/03/83,10.9
09/04/83,5.7
09/05/83,9.5
09/06/83,10.4
09/07/83,11.1
09/08/83,12.2
09/09/83,10.6
09/10/83,8.8
09/11/83,9.2
09/12/83,5.5
09/13/83,7.1
09/14/83,6.5
09/15/83,4.3
09/16/83,5
09/17/83,11.2
09/18/83,7.5
09/19/83,12
09/20/83,13.6
09/21/83,8.3
09/22/83,8.5
09/23/83,12.9
09/24/83,7.7
09/25/83,7.6
09/26/83,3.5
09/27/83,10.4
09/28/83,15.4
09/29/83,10.6
09/30/83,9.6
10/01/83,9.3
10/02/83,13.9
10/03/83,7.7
10/04/83,9.5
10/05/83,7.6
10/06/83,6.9
10/07/83,6.8
10/08/83,5.8
10/09/83,6
10/10/83,8.3
10/11/83,9.1
10/12/83,12.5
10/13/83,13.2
10/14/83,16.2
10/15/83,12.5
10/16/83,11.8
10/17/83,10.6
10/18/83,10
10/19/83,12.2
10/20/83,8.9
10/21/83,10.3
10/22/83,7.5
10/23/83,11.6
10/24/83,12.6
10/25/83,12.9
10/26/83,11.7
10/27/83,14
10/28/83,12.3
10/29/83,9
10/30/83,9.2
10/31/83,9.8
11/01/83,11.8
11/02/83,10.6
11/03/83,12.6
11/04/83,11
11/05/83,8.2
11/06/83,7.5
11/07/83,13.6
11/08/83,14.8
11/09/83,10.9
11/10/83,7.7
11/11/83,10.2
11/12/83,10.8
11/13/83,10.8
11/14/83,12.5
11/15/83,13.2
11/16/83,8.7
11/17/83,5.7
11/18/83,9.8
11/19/83,7.3
11/20/83,10.8
11/21/83,10
11/22/83,16.2
11/23/83,15
11/24/83,14.5
11/25/83,15.9
11/26/83,14.9
11/27/83,14.2
11/28/83,15.8
11/29/83,17.2
11/30/83,17.6
12/01/83,12.1
12/02/83,11.4
12/03/83,13
12/04/83,13.2
12/05/83,12
12/06/83,15.3
12/07/83,12.7
12/08/83,12.1
12/09/83,13.8
12/10/83,10.9
12/11/83,12
12/12/83,16.5
12/13/83,15
12/14/83,11.2
12/15/83,13.9
12/16/83,15
12/17/83,14.8
12/18/83,15
12/19/83,13.3
12/20/83,20.4
12/21/83,18
12/22/83,12.2
12/23/83,16.7
12/24/83,13.8
12/25/83,17.5
12/26/83,15
12/27/83,13.9
12/28/83,11.1
12/29/83,16.1
12/30/83,20.4
12/31/83,18
01/01/84,19.5
01/02/84,17.1
01/03/84,17.1
01/04/84,12
01/05/84,11
01/06/84,16.3
01/07/84,16.1
01/08/84,13
01/09/84,13.4
01/10/84,15.2
01/11/84,12.5
01/12/84,14.3
01/13/84,16.5
01/14/84,18.6
01/15/84,18
01/16/84,18.2
01/17/84,11.4
01/18/84,11.9
01/19/84,12.2
01/20/84,14.8
01/21/84,13.1
01/22/84,12.7
01/23/84,10.5
01/24/84,13.8
01/25/84,18.8
01/26/84,13.9
01/27/84,11.2
01/28/84,10.6
01/29/84,14.7
01/30/84,13.1
01/31/84,12.1
02/01/84,14.7
02/02/84,11.1
02/03/84,13
02/04/84,15.6
02/05/84,14.2
02/06/84,15.5
02/07/84,18
02/08/84,15
02/09/84,15.9
02/10/84,15.5
02/11/84,15.8
02/12/84,16.6
02/13/84,13.6
02/14/84,13.8
02/15/84,14.6
02/16/84,15.6
02/17/84,16.6
02/18/84,14.3
02/19/84,16.3
02/20/84,18.9
02/21/84,18.7
02/22/84,14.5
02/23/84,16.5
02/24/84,14.1
02/25/84,13.5
02/26/84,11.7
02/27/84,15.1
02/28/84,11.2
02/29/84,13.5
03/01/84,12.6
03/02/84,8.8
03/03/84,10.5
03/04/84,12.1
03/05/84,14.5
03/06/84,19.5
03/07/84,14
03/08/84,13.8
03/09/84,10.5
03/10/84,13.8
03/11/84,11.4
03/12/84,15.6
03/13/84,11.1
03/14/84,12.1
03/15/84,14.2
03/16/84,10.9
03/17/84,14.2
03/18/84,13.8
03/19/84,15.1
03/20/84,14
03/21/84,12.1
03/22/84,13.8
03/23/84,16.6
03/24/84,17.8
03/25/84,9.4
03/26/84,10.2
03/27/84,7.4
03/28/84,8.7
03/29/84,14
03/30/84,15.3
03/31/84,11.1
04/01/84,9.7
04/02/84,10.3
04/03/84,9.2
04/04/84,8.2
04/05/84,9.7
04/06/84,12.4
04/07/84,12.5
04/08/84,9
04/09/84,9.7
04/10/84,10.1
04/11/84,11.2
04/12/84,12
04/13/84,11.1
04/14/84,10.8
04/15/84,12.8
04/16/84,9.8
04/17/84,13.7
04/18/84,11
04/19/84,13.2
04/20/84,13
04/21/84,10.2
04/22/84,13.2
04/23/84,9.3
04/24/84,11.1
04/25/84,10.3
04/26/84,8.7
04/27/84,11.7
04/28/84,12.5
04/29/84,6.5
04/30/84,9.6
05/01/84,13.8
05/02/84,14.7
05/03/84,9.1
05/04/84,4.8
05/05/84,3.3
05/06/84,3.5
05/07/84,5.7
05/08/84,5.5
05/09/84,7
05/10/84,9.5
05/11/84,9.9
05/12/84,4.9
05/13/84,6.3
05/14/84,4.8
05/15/84,6.2
05/16/84,7.1
05/17/84,7.5
05/18/84,9.4
05/19/84,8.7
05/20/84,9.5
05/21/84,12.1
05/22/84,9.5
05/23/84,9.3
05/24/84,8.5
05/25/84,8
05/26/84,9.8
05/27/84,6.2
05/28/84,7.3
05/29/84,10.9
05/30/84,10
05/31/84,8.7
06/01/84,9
06/02/84,10.8
06/03/84,12.4
06/04/84,7.2
06/05/84,7.2
06/06/84,11.1
06/07/84,9.3
06/08/84,10.1
06/09/84,3.9
06/10/84,5
06/11/84,8.2
06/12/84,2.8
06/13/84,4.3
06/14/84,8.1
06/15/84,11.1
06/16/84,4.7
06/17/84,5.3
06/18/84,10
06/19/84,5.6
06/20/84,2.2
06/21/84,7.1
06/22/84,8.3
06/23/84,8.6
06/24/84,10.1
06/25/84,8.3
06/26/84,7.2
06/27/84,7.7
06/28/84,7.8
06/29/84,9.1
06/30/84,9.4
07/01/84,7.8
07/02/84,2.6
07/03/84,2.4
07/04/84,3.9
07/05/84,1.3
07/06/84,2.1
07/07/84,7.4
07/08/84,7.2
07/09/84,8.8
07/10/84,8.9
07/11/84,8.8
07/12/84,8
07/13/84,0.7
07/14/84,?0.1
07/15/84,0.9
07/16/84,7.8
07/17/84,7.2
07/18/84,8
07/19/84,4.6
07/20/84,5.2
07/21/84,5.8
07/22/84,6.8
07/23/84,8.1
07/24/84,7.5
07/25/84,5.4
07/26/84,4.6
07/27/84,6.4
07/28/84,9.7
07/29/84,7
07/30/84,10
07/31/84,10.6
08/01/84,11.5
08/02/84,10.2
08/03/84,11.1
08/04/84,11
08/05/84,8.9
08/06/84,9.9
08/07/84,11.7
08/08/84,11.6
08/09/84,9
08/10/84,6.3
08/11/84,8.7
08/12/84,8.5
08/13/84,8.5
08/14/84,8
08/15/84,6
08/16/84,8
08/17/84,8.5
08/18/84,7.7
08/19/84,8.4
08/20/84,9
08/21/84,8.3
08/22/84,6.8
08/23/84,9.3
08/24/84,6.7
08/25/84,9
08/26/84,7.3
08/27/84,6.3
08/28/84,7.9
08/29/84,5.2
08/30/84,9
08/31/84,11.3
09/01/84,9.2
09/02/84,11.3
09/03/84,7
09/04/84,8
09/05/84,4.6
09/06/84,8.5
09/07/84,9.5
09/08/84,9.4
09/09/84,10.5
09/10/84,9.7
09/11/84,4.9
09/12/84,8
09/13/84,5.8
09/14/84,5.5
09/15/84,10.9
09/16/84,11.7
09/17/84,9.2
09/18/84,8.9
09/19/84,11.3
09/20/84,8.6
09/21/84,6.2
09/22/84,6.6
09/23/84,9.1
09/24/84,6.1
09/25/84,7.5
09/26/84,10.7
09/27/84,6.3
09/28/84,5.5
09/29/84,6.7
09/30/84,4.2
10/01/84,11.3
10/02/84,16.3
10/03/84,10.5
10/04/84,10.3
10/05/84,7.9
10/06/84,7.7
10/07/84,16
10/08/84,14.6
10/09/84,12.5
10/10/84,8.1
10/11/84,12.2
10/12/84,17.2
10/13/84,9.4
10/14/84,8.7
10/15/84,5.9
10/16/84,4.8
10/17/84,7.4
10/18/84,9.4
10/19/84,9.7
10/20/84,9.9
10/21/84,6.5
10/22/84,9.8
10/23/84,18.2
10/24/84,11.3
10/25/84,9.1
10/26/84,9.6
10/27/84,13.5
10/28/84,10.7
10/29/84,10
10/30/84,8.5
10/31/84,12.6
11/01/84,16.6
11/02/84,11.6
11/03/84,12.2
11/04/84,11.2
11/05/84,9.2
11/06/84,9.9
11/07/84,11.9
11/08/84,15.6
11/09/84,19
11/10/84,12.8
11/11/84,12.2
11/12/84,12
11/13/84,11.1
11/14/84,11.8
11/15/84,7.6
11/16/84,13
11/17/84,12.7
11/18/84,16
11/19/84,14.8
11/20/84,14.2
11/21/84,10
11/22/84,8.8
11/23/84,11.6
11/24/84,8.6
11/25/84,14.6
11/26/84,24.3
11/27/84,11.6
11/28/84,10.8
11/29/84,12
11/30/84,11
12/01/84,12.6
12/02/84,10.8
12/03/84,9.1
12/04/84,11
12/05/84,13
12/06/84,12.8
12/07/84,9.9
12/08/84,11.6
12/09/84,10.5
12/10/84,15.9
12/11/84,12.2
12/12/84,13
12/13/84,12.5
12/14/84,12.5
12/15/84,11.4
12/16/84,12.1
12/17/84,16.8
12/18/84,12.1
12/19/84,11.3
12/20/84,10.4
12/21/84,14.2
12/22/84,11.4
12/23/84,13.7
12/24/84,16.5
12/25/84,12.8
12/26/84,12.2
12/27/84,12
12/28/84,12.6
12/29/84,16
12/30/84,16.4
01/01/85,13.3
01/02/85,15.2
01/03/85,13.1
01/04/85,12.7
01/05/85,14.6
01/06/85,11
01/07/85,13.2
01/08/85,12.2
01/09/85,14.4
01/10/85,13.7
01/11/85,14.5
01/12/85,14.1
01/13/85,14.4
01/14/85,19.7
01/15/85,16.5
01/16/85,15.9
01/17/85,11.8
01/18/85,12
01/19/85,11.4
01/20/85,14.4
01/21/85,12.4
01/22/85,15.1
01/23/85,15.6
01/24/85,15.2
01/25/85,12.8
01/26/85,13.3
01/27/85,17.5
01/28/85,15.4
01/29/85,13.5
01/30/85,16.7
01/31/85,15.2
02/01/85,14.9
02/02/85,10.2
02/03/85,13.6
02/04/85,19
02/05/85,15.7
02/06/85,18
02/07/85,14.8
02/08/85,13.9
02/09/85,13
02/10/85,15.3
02/11/85,14.3
02/12/85,15.6
02/13/85,16
02/14/85,14.9
02/15/85,11.1
02/16/85,14.8
02/17/85,13
02/18/85,12.2
02/19/85,10.9
02/20/85,14.6
02/21/85,16.6
02/22/85,18.1
02/23/85,13.4
02/24/85,10.3
02/25/85,13.6
02/26/85,13.8
02/27/85,10.3
02/28/85,11
03/01/85,14.3
03/02/85,15.5
03/03/85,14.7
03/04/85,12.7
03/05/85,10.7
03/06/85,12.6
03/07/85,9.8
03/08/85,13.2
03/09/85,15.2
03/10/85,16.6
03/11/85,21
03/12/85,22.4
03/13/85,17
03/14/85,21.7
03/15/85,21.4
03/16/85,18.6
03/17/85,16.2
03/18/85,16.8
03/19/85,17
03/20/85,18.4
03/21/85,17.2
03/22/85,18.4
03/23/85,18.8
03/24/85,16.5
03/25/85,13.3
03/26/85,12.2
03/27/85,11.3
03/28/85,13.8
03/29/85,16.6
03/30/85,14
03/31/85,14.3
04/01/85,16.4
04/02/85,11.9
04/03/85,15.7
04/04/85,17.6
04/05/85,17.5
04/06/85,15.9
04/07/85,16.2
04/08/85,16
04/09/85,15.9
04/10/85,16.2
04/11/85,16.2
04/12/85,19.5
04/13/85,18.2
04/14/85,21.8
04/15/85,15.1
04/16/85,11
04/17/85,8.1
04/18/85,9.5
04/19/85,9.3
04/20/85,10.6
04/21/85,6.3
04/22/85,8.6
04/23/85,6.8
04/24/85,8.7
04/25/85,8.4
04/26/85,9.3
04/27/85,10
04/28/85,10.5
04/29/85,12
04/30/85,10.1
05/01/85,9.4
05/02/85,10.1
05/03/85,8
05/04/85,10.6
05/05/85,13.6
05/06/85,15.4
05/07/85,9
05/08/85,10.4
05/09/85,11
05/10/85,12.1
05/11/85,13.4
05/12/85,11.3
05/13/85,6.7
05/14/85,9.8
05/15/85,10.8
05/16/85,7.8
05/17/85,4.5
05/18/85,7.6
05/19/85,6.9
05/20/85,7.5
05/21/85,8.5
05/22/85,5.5
05/23/85,9.5
05/24/85,7.3
05/25/85,5.4
05/26/85,5.5
05/27/85,8.1
05/28/85,11.2
05/29/85,13.4
05/30/85,11.6
05/31/85,10.1
06/01/85,4.3
06/02/85,5.5
06/03/85,4.4
06/04/85,5.9
06/05/85,5.7
06/06/85,8.2
06/07/85,8.2
06/08/85,4.2
06/09/85,6.5
06/10/85,10
06/11/85,8.8
06/12/85,6.6
06/13/85,7.8
06/14/85,10.1
06/15/85,7.1
06/16/85,7.7
06/17/85,8.5
06/18/85,7.3
06/19/85,6.9
06/20/85,8.4
06/21/85,7.1
06/22/85,6.3
06/23/85,0.6
06/24/85,1.6
06/25/85,7
06/26/85,8.3
06/27/85,8
06/28/85,10.2
06/29/85,10.6
06/30/85,10.4
07/01/85,11.6
07/02/85,11
07/03/85,10.7
07/04/85,7.3
07/05/85,4.2
07/06/85,4.7
07/07/85,5.6
07/08/85,7.7
07/09/85,7.5
07/10/85,4.9
07/11/85,5.9
07/12/85,7.8
07/13/85,5.8
07/14/85,7
07/15/85,8.4
07/16/85,6.2
07/17/85,7.5
07/18/85,4.8
07/19/85,3.3
07/20/85,3.2
07/21/85,7
07/22/85,8.4
07/23/85,0.3
07/24/85,0.3
07/25/85,2.1
07/26/85,8.5
07/27/85,1.4
07/28/85,4.1
07/29/85,10.3
07/30/85,6.6
07/31/85,6.1
08/01/85,7
08/02/85,5.1
08/03/85,6.3
08/04/85,6.9
08/05/85,11.4
08/06/85,10.4
08/07/85,10.3
08/08/85,9.2
08/09/85,7.2
08/10/85,7.5
08/11/85,4
08/12/85,5.6
08/13/85,6.7
08/14/85,8.4
08/15/85,11
08/16/85,8.4
08/17/85,8.8
08/18/85,8.6
08/19/85,8.3
08/20/85,4
08/21/85,3.6
08/22/85,5.7
08/23/85,10.6
08/24/85,6.9
08/25/85,10
08/26/85,9.8
08/27/85,7.2
08/28/85,10.5
08/29/85,3.6
08/30/85,5.3
08/31/85,8.4
09/01/85,10.3
09/02/85,7.9
09/03/85,8.5
09/04/85,7.9
09/05/85,8
09/06/85,9.8
09/07/85,6.7
09/08/85,4.8
09/09/85,9.9
09/10/85,12.8
09/11/85,10.9
09/12/85,11.7
09/13/85,11.7
09/14/85,11
09/15/85,8.2
09/16/85,7.5
09/17/85,5.4
09/18/85,7.2
09/19/85,9.7
09/20/85,8.4
09/21/85,9
09/22/85,8.7
09/23/85,6.6
09/24/85,11.6
09/25/85,13.1
09/26/85,6.7
09/27/85,6.5
09/28/85,7.7
09/29/85,8.7
09/30/85,7.2
10/01/85,10.5
10/02/85,8.6
10/03/85,7.2
10/04/85,11.4
10/05/85,16.2
10/06/85,6.1
10/07/85,9.6
10/08/85,11.1
10/09/85,13.6
10/10/85,10.7
10/11/85,14.7
10/12/85,11.6
10/13/85,7.3
10/14/85,8
10/15/85,9.6
10/16/85,16
10/17/85,15.1
10/18/85,12.8
10/19/85,6.2
10/20/85,7.1
10/21/85,8.4
10/22/85,10
10/23/85,12.7
10/24/85,10
10/25/85,10.2
10/26/85,6.5
10/27/85,9.2
10/28/85,11.9
10/29/85,14.7
10/30/85,11.4
10/31/85,6.8
11/01/85,7.4
11/02/85,11.2
11/03/85,9.2
11/04/85,12.6
11/05/85,16
11/06/85,17.1
11/07/85,15.3
11/08/85,13.3
11/09/85,15.4
11/10/85,13.2
11/11/85,14.4
11/12/85,14
11/13/85,15.5
11/14/85,21
11/15/85,10
11/16/85,9.6
11/17/85,12
11/18/85,12.2
11/19/85,11.3
11/20/85,13.2
11/21/85,10.5
11/22/85,10.1
11/23/85,8.8
11/24/85,13.7
11/25/85,16.2
11/26/85,16
11/27/85,14
11/28/85,13.7
11/29/85,12.5
11/30/85,12.8
12/01/85,12.3
12/02/85,15.2
12/03/85,15
12/04/85,16.4
12/05/85,16.1
12/06/85,14.6
12/07/85,18.2
12/08/85,16.4
12/09/85,16.6
12/10/85,14.7
12/11/85,15.8
12/12/85,14.1
12/13/85,13.5
12/14/85,13.6
12/15/85,13.7
12/16/85,13.6
12/17/85,12.1
12/18/85,12.7
12/19/85,13.3
12/20/85,14.2
12/21/85,15
12/22/85,13.7
12/23/85,12
12/24/85,13.1
12/25/85,13.2
12/26/85,13.3
12/27/85,11.5
12/28/85,10.8
12/29/85,12
12/30/85,16.3
12/31/85,14.4
01/01/86,12.9
01/02/86,13.8
01/03/86,10.6
01/04/86,12.6
01/05/86,13.7
01/06/86,12.6
01/07/86,13.1
01/08/86,15.4
01/09/86,11.9
01/10/86,13.8
01/11/86,14.4
01/12/86,15.2
01/13/86,12.5
01/14/86,12.2
01/15/86,16.1
01/16/86,14.6
01/17/86,11.6
01/18/86,13.1
01/19/86,12.8
01/20/86,15.2
01/21/86,13.8
01/22/86,15
01/23/86,13.5
01/24/86,11.8
01/25/86,15.3
01/26/86,13.5
01/27/86,15.3
01/28/86,13.8
01/29/86,15.8
01/30/86,17.4
01/31/86,15.3
02/01/86,14.6
02/02/86,14.8
02/03/86,10.7
02/04/86,11.6
02/05/86,13.6
02/06/86,14.4
02/07/86,11.8
02/08/86,15.8
02/09/86,16
02/10/86,11.8
02/11/86,14.5
02/12/86,10.7
02/13/86,14.2
02/14/86,19.5
02/15/86,21.4
02/16/86,17.9
02/17/86,17.4
02/18/86,12.7
02/19/86,13.8
02/20/86,14
02/21/86,15
02/22/86,14.5
02/23/86,13.1
02/24/86,11.4
02/25/86,12.5
02/26/86,12
02/27/86,13.4
02/28/86,14.4
03/01/86,17.7
03/02/86,13.9
03/03/86,13.3
03/04/86,14.6
03/05/86,16.4
03/06/86,16.8
03/07/86,20
03/08/86,12.5
03/09/86,12.7
03/10/86,11.7
03/11/86,12.7
03/12/86,8.6
03/13/86,11.9
03/14/86,16
03/15/86,15.2
03/16/86,13.4
03/17/86,11.6
03/18/86,11.1
03/19/86,15.6
03/20/86,17
03/21/86,18.5
03/22/86,17.4
03/23/86,16.5
03/24/86,16.2
03/25/86,16.1
03/26/86,13.2
03/27/86,18
03/28/86,12.8
03/29/86,11.7
03/30/86,16.7
03/31/86,15.6
04/01/86,10.2
04/02/86,10.3
04/03/86,15
04/04/86,18
04/05/86,13.8
04/06/86,10.5
04/07/86,11.8
04/08/86,7.2
04/09/86,11.6
04/10/86,7.4
04/11/86,14.2
04/12/86,12.2
04/13/86,9
04/14/86,12.3
04/15/86,19.7
04/16/86,12.8
04/17/86,12.4
04/18/86,12
04/19/86,12
04/20/86,11.1
04/21/86,12.7
04/22/86,14.2
04/23/86,11.6
04/24/86,12
04/25/86,11.5
04/26/86,8.3
04/27/86,10.5
04/28/86,9
04/29/86,6.9
04/30/86,9.4
05/01/86,11.1
05/02/86,9.1
05/03/86,7.7
05/04/86,10
05/05/86,10.4
05/06/86,8
05/07/86,9.8
05/08/86,12.4
05/09/86,12.9
05/10/86,12.3
05/11/86,6.9
05/12/86,10.5
05/13/86,11
05/14/86,9.7
05/15/86,11.1
05/16/86,11.5
05/17/86,13.4
05/18/86,10.9
05/19/86,12
05/20/86,12.1
05/21/86,10.4
05/22/86,10
05/23/86,9.6
05/24/86,11.3
05/25/86,8.5
05/26/86,6.3
05/27/86,8.2
05/28/86,10.7
05/29/86,10.3
05/30/86,9.5
05/31/86,10.9
06/01/86,10.9
06/02/86,4.3
06/03/86,5.2
06/04/86,11
06/05/86,11.6
06/06/86,10.6
06/07/86,9.4
06/08/86,10
06/09/86,9.6
06/10/86,9.5
06/11/86,9.7
06/12/86,9.6
06/13/86,7
06/14/86,7
06/15/86,6.8
06/16/86,6.9
06/17/86,8
06/18/86,7.6
06/19/86,8.6
06/20/86,5.7
06/21/86,5.5
06/22/86,5.7
06/23/86,5.7
06/24/86,6.6
06/25/86,6
06/26/86,6.9
06/27/86,7.7
06/28/86,8
06/29/86,3.9
06/30/86,0.8
07/01/86,2.8
07/02/86,8
07/03/86,9.8
07/04/86,11.4
07/05/86,8.6
07/06/86,5.2
07/07/86,6.6
07/08/86,5.7
07/09/86,4.6
07/10/86,5.8
07/11/86,7
07/12/86,4.8
07/13/86,4.4
07/14/86,4.4
07/15/86,7.9
07/16/86,10.6
07/17/86,5
07/18/86,7.6
07/19/86,9.2
07/20/86,9.7
07/21/86,8.8
07/22/86,6.8
07/23/86,9.4
07/24/86,11
07/25/86,2.5
07/26/86,2.1
07/27/86,5.4
07/28/86,6.2
07/29/86,7.8
07/30/86,7.4
07/31/86,9.3
08/01/86,9.3
08/02/86,9.5
08/03/86,8.5
08/04/86,10
08/05/86,7.7
08/06/86,9.3
08/07/86,9.1
08/08/86,3.5
08/09/86,3.6
08/10/86,2.5
08/11/86,1.7
08/12/86,2.7
08/13/86,2.9
08/14/86,5.3
08/15/86,7.7
08/16/86,9.1
08/17/86,9.4
08/18/86,7.3
08/19/86,8.4
08/20/86,9.2
08/21/86,6.6
08/22/86,9.7
08/23/86,12.4
08/24/86,10.2
08/25/86,5.9
08/26/86,7.1
08/27/86,7.5
08/28/86,9.7
08/29/86,12.2
08/30/86,5.6
08/31/86,5.4
09/01/86,8.3
09/02/86,10.6
09/03/86,9.1
09/04/86,11.3
09/05/86,10.9
09/06/86,8.9
09/07/86,6.3
09/08/86,9
09/09/86,6.1
09/10/86,9.1
09/11/86,9.6
09/12/86,6
09/13/86,10
09/14/86,11
09/15/86,6.2
09/16/86,8.3
09/17/86,11.3
09/18/86,11.3
09/19/86,6.7
09/20/86,6.6
09/21/86,11.4
09/22/86,6.9
09/23/86,10.6
09/24/86,8.6
09/25/86,11.3
09/26/86,12.5
09/27/86,9.9
09/28/86,6.9
09/29/86,5.5
09/30/86,7.8
10/01/86,11
10/02/86,16.2
10/03/86,9.9
10/04/86,8.7
10/05/86,10.5
10/06/86,12.2
10/07/86,10.6
10/08/86,8.3
10/09/86,5.5
10/10/86,9
10/11/86,6.4
10/12/86,7.2
10/13/86,12.9
10/14/86,12
10/15/86,7.3
10/16/86,9.7
10/17/86,8.4
10/18/86,14.7
10/19/86,9.5
10/20/86,7.9
10/21/86,6.8
10/22/86,12.6
10/23/86,5.2
10/24/86,7.5
10/25/86,8.7
10/26/86,7.6
10/27/86,9
10/28/86,7.2
10/29/86,10.7
10/30/86,13.1
10/31/86,13.9
11/01/86,10.8
11/02/86,10.4
11/03/86,9.1
11/04/86,16
11/05/86,21
11/06/86,16.2
11/07/86,8.6
11/08/86,9.2
11/09/86,12.5
11/10/86,9.7
11/11/86,12.5
11/12/86,10.3
11/13/86,12
11/14/86,11
11/15/86,14.8
11/16/86,15
11/17/86,15.3
11/18/86,10.3
11/19/86,10.7
11/20/86,10.5
11/21/86,8.9
11/22/86,8.1
11/23/86,11.5
11/24/86,12.8
11/25/86,9.1
11/26/86,14.6
11/27/86,11.6
11/28/86,11.2
11/29/86,12.6
11/30/86,7.5
12/01/86,11
12/02/86,14.5
12/03/86,18.5
12/04/86,15.4
12/05/86,13.1
12/06/86,16.3
12/07/86,20.2
12/08/86,11.5
12/09/86,12.4
12/10/86,10.9
12/11/86,12.7
12/12/86,12.2
12/13/86,12.4
12/14/86,9.8
12/15/86,8.5
12/16/86,14.7
12/17/86,12
12/18/86,10.3
12/19/86,11
12/20/86,10.2
12/21/86,12.6
12/22/86,11.6
12/23/86,9.7
12/24/86,13.4
12/25/86,10.5
12/26/86,14.7
12/27/86,14.6
12/28/86,14.2
12/29/86,13.2
12/30/86,11.7
12/31/86,17.2
01/01/87,12.3
01/02/87,13.8
01/03/87,15.3
01/04/87,15.6
01/05/87,16.2
01/06/87,16.3
01/07/87,16.8
01/08/87,11
01/09/87,8.5
01/10/87,13.2
01/11/87,13
01/12/87,12.4
01/13/87,13
01/14/87,16.6
01/15/87,12
01/16/87,12.4
01/17/87,15
01/18/87,11.8
01/19/87,11.6
01/20/87,12.2
01/21/87,13.7
01/22/87,11.2
01/23/87,12.4
01/24/87,11.5
01/25/87,13.8
01/26/87,15.7
01/27/87,12.9
01/28/87,11.5
01/29/87,11
01/30/87,12.7
01/31/87,14.9
02/01/87,16.5
02/02/87,12.8
02/03/87,12.7
02/04/87,12.7
02/05/87,11.6
02/06/87,13.3
02/07/87,15.2
02/08/87,16.4
02/09/87,11.9
02/10/87,15.1
02/11/87,10.6
02/12/87,13.6
02/13/87,12.1
02/14/87,16
02/15/87,16.8
02/16/87,16.6
02/17/87,15.6
02/18/87,15.2
02/19/87,17.7
02/20/87,21
02/21/87,13.4
02/22/87,10.5
02/23/87,9.5
02/24/87,12
02/25/87,10.4
02/26/87,11.5
02/27/87,13.2
02/28/87,15
03/01/87,14.1
03/02/87,12.4
03/03/87,13.4
03/04/87,12.5
03/05/87,14.3
03/06/87,17.6
03/07/87,10.4
03/08/87,9.9
03/09/87,10.2
03/10/87,11.3
03/11/87,9.5
03/12/87,11.8
03/13/87,11.5
03/14/87,10.5
03/15/87,10.8
03/16/87,13
03/17/87,18.5
03/18/87,18.7
03/19/87,15
03/20/87,13
03/21/87,11.3
03/22/87,13
03/23/87,13.3
03/24/87,11
03/25/87,10.3
03/26/87,13
03/27/87,12.3
03/28/87,15.6
03/29/87,10.2
03/30/87,10.8
03/31/87,12
04/01/87,13.3
04/02/87,11.7
04/03/87,12.5
04/04/87,13.7
04/05/87,14.9
04/06/87,20.2
04/07/87,16.3
04/08/87,13.9
04/09/87,10.1
04/10/87,7.3
04/11/87,14
04/12/87,17.7
04/13/87,16.3
04/14/87,10.6
04/15/87,9.7
04/16/87,7.8
04/17/87,10.4
04/18/87,10.4
04/19/87,14.1
04/20/87,7.1
04/21/87,8.1
04/22/87,7.8
04/23/87,10.6
04/24/87,9.1
04/25/87,9
04/26/87,11.9
04/27/87,17.1
04/28/87,16.8
04/29/87,13.5
04/30/87,11.6
05/01/87,7
05/02/87,9.7
05/03/87,9.9
05/04/87,11.2
05/05/87,11.3
05/06/87,11.8
05/07/87,9.9
05/08/87,7.1
05/09/87,9.6
05/10/87,9.8
05/11/87,10.6
05/12/87,12.8
05/13/87,16.5
05/14/87,11.7
05/15/87,12.3
05/16/87,12.2
05/17/87,11.8
05/18/87,10.7
05/19/87,10.2
05/20/87,10
05/21/87,8.3
05/22/87,6.6
05/23/87,9.5
05/24/87,12.3
05/25/87,7.6
05/26/87,9.3
05/27/87,5
05/28/87,4.3
05/29/87,6.4
05/30/87,10.8
05/31/87,7.8
06/01/87,8.5
06/02/87,9.7
06/03/87,10
06/04/87,11
06/05/87,10.2
06/06/87,6.6
06/07/87,6.1
06/08/87,5.9
06/09/87,8.9
06/10/87,13
06/11/87,12.6
06/12/87,5.4
06/13/87,6
06/14/87,7.8
06/15/87,9
06/16/87,4.2
06/17/87,3
06/18/87,4.5
06/19/87,6.2
06/20/87,11.9
06/21/87,11.8
06/22/87,9.4
06/23/87,9.6
06/24/87,9.4
06/25/87,7
06/26/87,8.9
06/27/87,9.3
06/28/87,6.8
06/29/87,7.5
06/30/87,8
07/01/87,8.3
07/02/87,2.7
07/03/87,3.9
07/04/87,4.1
07/05/87,5
07/06/87,5.8
07/07/87,4.4
07/08/87,4.1
07/09/87,5.8
07/10/87,9.1
07/11/87,7.9
07/12/87,5
07/13/87,2.8
07/14/87,4.7
07/15/87,8.9
07/16/87,5.4
07/17/87,7.1
07/18/87,9
07/19/87,9.4
07/20/87,6.3
07/21/87,7
07/22/87,6.4
07/23/87,6.7
07/24/87,1.5
07/25/87,2.9
07/26/87,4.8
07/27/87,6.3
07/28/87,5.7
07/29/87,7
07/30/87,8.8
07/31/87,8.7
08/01/87,9
08/02/87,9.6
08/03/87,8
08/04/87,8.4
08/05/87,8.1
08/06/87,9
08/07/87,5.3
08/08/87,8.9
08/09/87,8.7
08/10/87,4.9
08/11/87,7
08/12/87,7.5
08/13/87,7
08/14/87,9.1
08/15/87,11.8
08/16/87,9.9
08/17/87,5.6
08/18/87,4.2
08/19/87,4.3
08/20/87,8
08/21/87,5.1
08/22/87,9.4
08/23/87,9.1
08/24/87,9.7
08/25/87,10.6
08/26/87,8.6
08/27/87,10.1
08/28/87,11
08/29/87,9.7
08/30/87,5
08/31/87,6.1
09/01/87,5.4
09/02/87,5.8
09/03/87,7.3
09/04/87,6.3
09/05/87,4.8
09/06/87,7.6
09/07/87,8.1
09/08/87,9.5
09/09/87,10.3
09/10/87,7
09/11/87,9
09/12/87,10.2
09/13/87,6.8
09/14/87,9.3
09/15/87,9.8
09/16/87,10.7
09/17/87,7.8
09/18/87,9.2
09/19/87,15
09/20/87,7.8
09/21/87,5.3
09/22/87,9.5
09/23/87,7.6
09/24/87,14
09/25/87,14.9
09/26/87,14.9
09/27/87,19.2
09/28/87,17
09/29/87,13
09/30/87,11.2
10/01/87,9.5
10/02/87,10.3
10/03/87,9.3
10/04/87,11.3
10/05/87,6.5
10/06/87,12
10/07/87,8.3
10/08/87,8.7
10/09/87,8.7
10/10/87,10.2
10/11/87,6.9
10/12/87,4.9
10/13/87,10
10/14/87,7.6
10/15/87,14.5
10/16/87,13.2
10/17/87,9.9
10/18/87,10.1
10/19/87,11.3
10/20/87,10.4
10/21/87,10.9
10/22/87,9.2
10/23/87,10.5
10/24/87,11.4
10/25/87,13.5
10/26/87,9.8
10/27/87,13.1
10/28/87,9.7
10/29/87,11.4
10/30/87,9.9
10/31/87,14.4
11/01/87,19
11/02/87,23
11/03/87,15.4
11/04/87,9.6
11/05/87,10.8
11/06/87,12.1
11/07/87,11
11/08/87,12.6
11/09/87,14.7
11/10/87,11.1
11/11/87,10.1
11/12/87,11.4
11/13/87,13
11/14/87,11.9
11/15/87,9.5
11/16/87,13.5
11/17/87,15.2
11/18/87,18.4
11/19/87,24.1
11/20/87,14.1
11/21/87,10.7
11/22/87,8.7
11/23/87,13.3
11/24/87,11.6
11/25/87,9.9
11/26/87,10.8
11/27/87,11.5
11/28/87,10
11/29/87,13.9
11/30/87,13.6
12/01/87,11.9
12/02/87,11.1
12/03/87,8.2
12/04/87,9.4
12/05/87,12.7
12/06/87,11.6
12/07/87,11
12/08/87,11.3
12/09/87,13.4
12/10/87,14.9
12/11/87,15.2
12/12/87,13.9
12/13/87,15
12/14/87,16.2
12/15/87,17.7
12/16/87,20.5
12/17/87,14.7
12/18/87,12.5
12/19/87,10.9
12/20/87,12.8
12/21/87,12.7
12/22/87,11.2
12/23/87,11.4
12/24/87,11.2
12/25/87,12.1
12/26/87,12.7
12/27/87,16.2
12/28/87,14.2
12/29/87,14.3
12/30/87,13.3
12/31/87,16.7
01/01/88,15.3
01/02/88,14.3
01/03/88,13.5
01/04/88,15
01/05/88,13.6
01/06/88,15.2
01/07/88,17
01/08/88,18.7
01/09/88,16.5
01/10/88,17.4
01/11/88,18.3
01/12/88,18.3
01/13/88,22.4
01/14/88,21.4
01/15/88,20.9
01/16/88,17.6
01/17/88,15.5
01/18/88,16.6
01/19/88,16.2
01/20/88,15.6
01/21/88,14.5
01/22/88,14
01/23/88,15.6
01/24/88,12.3
01/25/88,11.6
01/26/88,12.6
01/27/88,14.9
01/28/88,17.3
01/29/88,21.4
01/30/88,23.4
01/31/88,14.4
02/01/88,14.1
02/02/88,15
02/03/88,14.5
02/04/88,15.1
02/05/88,13.9
02/06/88,13.4
02/07/88,9.2
02/08/88,12.5
02/09/88,15.1
02/10/88,12.1
02/11/88,14.5
02/12/88,16.3
02/13/88,16.5
02/14/88,14.9
02/15/88,13.2
02/16/88,11.8
02/17/88,13.6
02/18/88,16.2
02/19/88,14.1
02/20/88,13.5
02/21/88,15
02/22/88,14.8
02/23/88,16.2
02/24/88,16.2
02/25/88,13.3
02/26/88,15.3
02/27/88,18.4
02/28/88,16.2
02/29/88,16.3
03/01/88,12.4
03/02/88,15.6
03/03/88,14.9
03/04/88,14.8
03/05/88,12.7
03/06/88,14.2
03/07/88,16.8
03/08/88,16.7
03/09/88,16.2
03/10/88,14.5
03/11/88,10
03/12/88,12.6
03/13/88,11.9
03/14/88,11.8
03/15/88,13.4
03/16/88,14.5
03/17/88,15.7
03/18/88,15.3
03/19/88,13.9
03/20/88,13.7
03/21/88,15.1
03/22/88,15.6
03/23/88,14.4
03/24/88,13.9
03/25/88,16.2
03/26/88,16.7
03/27/88,15.5
03/28/88,16.4
03/29/88,17.5
03/30/88,18.2
03/31/88,16.1
04/01/88,16.5
04/02/88,14.6
04/03/88,16.4
04/04/88,13.6
04/05/88,15.9
04/06/88,11.9
04/07/88,14.7
04/08/88,9.4
04/09/88,6.6
04/10/88,7.9
04/11/88,11
04/12/88,15.7
04/13/88,15.2
04/14/88,15.9
04/15/88,10.6
04/16/88,8.3
04/17/88,8.6
04/18/88,12.7
04/19/88,10.5
04/20/88,12
04/21/88,11.1
04/22/88,13
04/23/88,12.4
04/24/88,13.3
04/25/88,15.9
04/26/88,12
04/27/88,13.7
04/28/88,17.6
04/29/88,14.3
04/30/88,13.7
05/01/88,15.2
05/02/88,14.5
05/03/88,14.9
05/04/88,15.5
05/05/88,16.4
05/06/88,14.5
05/07/88,12.6
05/08/88,13.6
05/09/88,11.2
05/10/88,11
05/11/88,12
05/12/88,6.8
05/13/88,10.6
05/14/88,13.1
05/15/88,13.5
05/16/88,11.7
05/17/88,13.2
05/18/88,12
05/19/88,10.4
05/20/88,10
05/21/88,8.2
05/22/88,9.4
05/23/88,10.3
05/24/88,8.1
05/25/88,8.7
05/26/88,12.6
05/27/88,10.9
05/28/88,8.7
05/29/88,9.3
05/30/88,6.3
05/31/88,7.8
06/01/88,10
06/02/88,11
06/03/88,11.1
06/04/88,12.6
06/05/88,10.2
06/06/88,11.1
06/07/88,8.7
06/08/88,9.5
06/09/88,9.7
06/10/88,8.2
06/11/88,5
06/12/88,6.5
06/13/88,12.1
06/14/88,8.9
06/15/88,6.1
06/16/88,2.8
06/17/88,3.7
06/18/88,6.8
06/19/88,6.6
06/20/88,7
06/21/88,7.3
06/22/88,7.9
06/23/88,10.6
06/24/88,8.1
06/25/88,6.7
06/26/88,8
06/27/88,10
06/28/88,6.7
06/29/88,9.4
06/30/88,9.3
07/01/88,6
07/02/88,5.8
07/03/88,4.9
07/04/88,5
07/05/88,8.4
07/06/88,12.3
07/07/88,13
07/08/88,11.4
07/09/88,6.8
07/10/88,7.6
07/11/88,12.4
07/12/88,7.1
07/13/88,7.5
07/14/88,10
07/15/88,5.3
07/16/88,6.3
07/17/88,8
07/18/88,8.3
07/19/88,9.3
07/20/88,9.5
07/21/88,5.6
07/22/88,7
07/23/88,8.5
07/24/88,8.5
07/25/88,8.2
07/26/88,8.5
07/27/88,9.6
07/28/88,9.7
07/29/88,7.1
07/30/88,8.4
07/31/88,9.2
08/01/88,9.8
08/02/88,8.1
08/03/88,9.4
08/04/88,10
08/05/88,5.1
08/06/88,6.7
08/07/88,6.9
08/08/88,6.8
08/09/88,8.6
08/10/88,9.1
08/11/88,3.9
08/12/88,4.8
08/13/88,8.4
08/14/88,11.6
08/15/88,12.1
08/16/88,12.4
08/17/88,10
08/18/88,10.1
08/19/88,9.7
08/20/88,11.7
08/21/88,7.9
08/22/88,8.6
08/23/88,7.7
08/24/88,5.8
08/25/88,8.7
08/26/88,10.6
08/27/88,6.7
08/28/88,8.8
08/29/88,9.7
08/30/88,9
08/31/88,11.8
09/01/88,15.2
09/02/88,10
09/03/88,10.5
09/04/88,5.5
09/05/88,9.4
09/06/88,8.8
09/07/88,5.3
09/08/88,13
09/09/88,15.2
09/10/88,13.2
09/11/88,11.5
09/12/88,6.8
09/13/88,4.7
09/14/88,5.2
09/15/88,6.8
09/16/88,10.7
09/17/88,10.1
09/18/88,10
09/19/88,9.8
09/20/88,5.5
09/21/88,13.5
09/22/88,16.6
09/23/88,8.4
09/24/88,8.2
09/25/88,11.1
09/26/88,10.8
09/27/88,8.8
09/28/88,10.8
09/29/88,8.7
09/30/88,12.4
10/01/88,9
10/02/88,13.5
10/03/88,14.7
10/04/88,10.9
10/05/88,8.5
10/06/88,6
10/07/88,12.7
10/08/88,11.1
10/09/88,8.7
10/10/88,12.3
10/11/88,13.3
10/12/88,5.6
10/13/88,13.7
10/14/88,8.5
10/15/88,11.2
10/16/88,8.7
10/17/88,11.7
10/18/88,12.5
10/19/88,8.2
10/20/88,15.6
10/21/88,10.3
10/22/88,11.4
10/23/88,9.7
10/24/88,6.3
10/25/88,14.3
10/26/88,11.3
10/27/88,7.3
10/28/88,12.8
10/29/88,11.9
10/30/88,14.3
10/31/88,11.6
11/01/88,13.2
11/02/88,15.5
11/03/88,14.1
11/04/88,9.5
11/05/88,7.2
11/06/88,11.8
11/07/88,16.8
11/08/88,12.5
11/09/88,9.4
11/10/88,11.9
11/11/88,10.3
11/12/88,16.9
11/13/88,17.5
11/14/88,7.5
11/15/88,8.6
11/16/88,11.1
11/17/88,11.5
11/18/88,10.7
11/19/88,15.7
11/20/88,12.8
11/21/88,13
11/22/88,12.9
11/23/88,14.3
11/24/88,13.7
11/25/88,12.1
11/26/88,11.9
11/27/88,11.8
11/28/88,11.4
11/29/88,10.3
11/30/88,11.7
12/01/88,12
12/02/88,17.4
12/03/88,16.8
12/04/88,16.2
12/05/88,13
12/06/88,12.5
12/07/88,12.4
12/08/88,16.1
12/09/88,20.2
12/10/88,14.3
12/11/88,11
12/12/88,14.4
12/13/88,15.7
12/14/88,19.7
12/15/88,20.7
12/16/88,23.9
12/17/88,16.6
12/18/88,17.5
12/19/88,14.9
12/20/88,13.6
12/21/88,11.9
12/22/88,15.2
12/23/88,17.3
12/24/88,19.8
12/25/88,15.8
12/26/88,9.5
12/27/88,12.9
12/28/88,12.9
12/29/88,14.8
12/30/88,14.1
01/01/89,14.3
01/02/89,17.4
01/03/89,18.5
01/04/89,16.8
01/05/89,11.5
01/06/89,9.5
01/07/89,12.2
01/08/89,15.7
01/09/89,16.3
01/10/89,13.6
01/11/89,12.6
01/12/89,13.8
01/13/89,12.1
01/14/89,13.4
01/15/89,17.3
01/16/89,19.4
01/17/89,16.6
01/18/89,13.9
01/19/89,13.1
01/20/89,16
01/21/89,14.5
01/22/89,15
01/23/89,12.6
01/24/89,12.5
01/25/89,15.2
01/26/89,16.2
01/27/89,16.5
01/28/89,20.1
01/29/89,20.6
01/30/89,16.9
01/31/89,16.5
02/01/89,16.1
02/02/89,14.4
02/03/89,16.3
02/04/89,15.7
02/05/89,14.2
02/06/89,13.2
02/07/89,16.8
02/08/89,18.5
02/09/89,16.7
02/10/89,15.3
02/11/89,15.9
02/12/89,15.2
02/13/89,17.5
02/14/89,18.3
02/15/89,19.4
02/16/89,19.4
02/17/89,19.5
02/18/89,20.5
02/19/89,15.7
02/20/89,15
02/21/89,16.1
02/22/89,14.3
02/23/89,13
02/24/89,16.2
02/25/89,17.7
02/26/89,13.2
02/27/89,15.8
02/28/89,18.5
03/01/89,20.4
03/02/89,22
03/03/89,19.7
03/04/89,19.6
03/05/89,20.3
03/06/89,18.3
03/07/89,18.9
03/08/89,20.3
03/09/89,21.4
03/10/89,18.3
03/11/89,17.8
03/12/89,17.7
03/13/89,12.8
03/14/89,15.1
03/15/89,15
03/16/89,14.8
03/17/89,12
03/18/89,12.5
03/19/89,15
03/20/89,17.1
03/21/89,17.3
03/22/89,16.9
03/23/89,16.5
03/24/89,13.6
03/25/89,13.2
03/26/89,9.4
03/27/89,9.5
03/28/89,11.8
03/29/89,10.4
03/30/89,9.7
03/31/89,12.6
04/01/89,13.3
04/02/89,15.1
04/03/89,14.2
04/04/89,14.2
04/05/89,19.2
04/06/89,12.6
04/07/89,14.2
04/08/89,11.9
04/09/89,13.9
04/10/89,13.5
04/11/89,15.3
04/12/89,13.9
04/13/89,14
04/14/89,12.9
04/15/89,8.5
04/16/89,11.4
04/17/89,10.9
04/18/89,12
04/19/89,8.6
04/20/89,9
04/21/89,9.6
04/22/89,10.2
04/23/89,9.8
04/24/89,8.3
04/25/89,11
04/26/89,11.9
04/27/89,14
04/28/89,15.8
04/29/89,14.5
04/30/89,13.2
05/01/89,14.2
05/02/89,14.6
05/03/89,11.8
05/04/89,14.4
05/05/89,10.4
05/06/89,10.3
05/07/89,10.8
05/08/89,10.5
05/09/89,9.5
05/10/89,12.5
05/11/89,13.7
05/12/89,12.7
05/13/89,11.9
05/14/89,11.4
05/15/89,9.7
05/16/89,8.3
05/17/89,8.1
05/18/89,11.7
05/19/89,11.6
05/20/89,7.4
05/21/89,5.2
05/22/89,11
05/23/89,9.5
05/24/89,9.2
05/25/89,10.7
05/26/89,9
05/27/89,10.2
05/28/89,10.3
05/29/89,12.1
05/30/89,13.2
05/31/89,6.6
06/01/89,2.3
06/02/89,1.4
06/03/89,2.1
06/04/89,6.6
06/05/89,8.9
06/06/89,7.8
06/07/89,9
06/08/89,10.3
06/09/89,7.9
06/10/89,7.2
06/11/89,8.6
06/12/89,8.8
06/13/89,6.2
06/14/89,9.5
06/15/89,10.2
06/16/89,9.7
06/17/89,11.2
06/18/89,10.2
06/19/89,10.1
06/20/89,8.1
06/21/89,6.6
06/22/89,5
06/23/89,4.7
06/24/89,5.3
06/25/89,4.5
06/26/89,2.3
06/27/89,1.4
06/28/89,0.5
06/29/89,2.4
06/30/89,8
07/01/89,6
07/02/89,7.1
07/03/89,9.7
07/04/89,6.9
07/05/89,5.3
07/06/89,7
07/07/89,6.2
07/08/89,7
07/09/89,9.7
07/10/89,8
07/11/89,8.5
07/12/89,7.1
07/13/89,7.5
07/14/89,3.3
07/15/89,1.8
07/16/89,2.6
07/17/89,5.3
07/18/89,5.8
07/19/89,5.8
07/20/89,7.2
07/21/89,5.3
07/22/89,1.6
07/23/89,3.1
07/24/89,5.3
07/25/89,7.7
07/26/89,4.2
07/27/89,5.5
07/28/89,9
07/29/89,11.2
07/30/89,8
07/31/89,7.6
08/01/89,3.7
08/02/89,7.5
08/03/89,8.1
08/04/89,8.4
08/05/89,7.1
08/06/89,7.6
08/07/89,7.6
08/08/89,5.6
08/09/89,7
08/10/89,10.5
08/11/89,7.3
08/12/89,7.8
08/13/89,5.8
08/14/89,3.8
08/15/89,5.8
08/16/89,6.7
08/17/89,6.6
08/18/89,6.6
08/19/89,9
08/20/89,8.1
08/21/89,5.1
08/22/89,8.6
08/23/89,7
08/24/89,5.5
08/25/89,7.4
08/26/89,6.2
08/27/89,4.2
08/28/89,6.3
08/29/89,7
08/30/89,4
08/31/89,8
09/01/89,8.8
09/02/89,8.8
09/03/89,6.1
09/04/89,8.6
09/05/89,8.9
09/06/89,7.8
09/07/89,5
09/08/89,7
09/09/89,13.3
09/10/89,7.9
09/11/89,7.5
09/12/89,8.3
09/13/89,7.2
09/14/89,6.5
09/15/89,8.9
09/16/89,7.4
09/17/89,9.9
09/18/89,9.3
09/19/89,10.6
09/20/89,8.6
09/21/89,7.2
09/22/89,12.6
09/23/89,7.8
09/24/89,6.3
09/25/89,9.2
09/26/89,5.8
09/27/89,9
09/28/89,5
09/29/89,11.9
09/30/89,13.4
10/01/89,10.5
10/02/89,6.2
10/03/89,5.1
10/04/89,9.5
10/05/89,11.7
10/06/89,9.2
10/07/89,7.3
10/08/89,9.7
10/09/89,9.4
10/10/89,10
10/11/89,10.9
10/12/89,11
10/13/89,10.9
10/14/89,8
10/15/89,11.2
10/16/89,7.5
10/17/89,7.2
10/18/89,13.2
10/19/89,12.9
10/20/89,9.4
10/21/89,10.2
10/22/89,9.5
10/23/89,12.4
10/24/89,10.2
10/25/89,13.4
10/26/89,11.6
10/27/89,8
10/28/89,9
10/29/89,9.3
10/30/89,13.5
10/31/89,8
11/01/89,8.1
11/02/89,10
11/03/89,8.5
11/04/89,12.5
11/05/89,15
11/06/89,13.3
11/07/89,11
11/08/89,11.9
11/09/89,8.3
11/10/89,9.7
11/11/89,11.3
11/12/89,12.5
11/13/89,9.4
11/14/89,11.4
11/15/89,13.2
11/16/89,13.8
11/17/89,16
11/18/89,10.9
11/19/89,11.9
11/20/89,12.4
11/21/89,13.2
11/22/89,15.5
11/23/89,21.6
11/24/89,14.9
11/25/89,14.4
11/26/89,12.9
11/27/89,13.1
11/28/89,14
11/29/89,17.9
11/30/89,17.7
12/01/89,16.3
12/02/89,18.3
12/03/89,13.7
12/04/89,13.3
12/05/89,10.6
12/06/89,14.1
12/07/89,16
12/08/89,16.5
12/09/89,14.1
12/10/89,18.7
12/11/89,16.2
12/12/89,14.8
12/13/89,12.6
12/14/89,10.4
12/15/89,12.2
12/16/89,12.6
12/17/89,12.1
12/18/89,17.3
12/19/89,16.4
12/20/89,12.6
12/21/89,12.3
12/22/89,11.8
12/23/89,12
12/24/89,12.7
12/25/89,16.4
12/26/89,16
12/27/89,13.3
12/28/89,11.7
12/29/89,10.4
12/30/89,14.4
12/31/89,12.7
01/01/90,14.8
01/02/90,13.3
01/03/90,15.6
01/04/90,14.5
01/05/90,14.3
01/06/90,15.3
01/07/90,16.4
01/08/90,14.8
01/09/90,17.4
01/10/90,18.8
01/11/90,22.1
01/12/90,19
01/13/90,15.5
01/14/90,15.8
01/15/90,14.7
01/16/90,10.7
01/17/90,11.5
01/18/90,15
01/19/90,14.5
01/20/90,14.5
01/21/90,13.3
01/22/90,14.3
01/23/90,14.3
01/24/90,20.5
01/25/90,15
01/26/90,17.1
01/27/90,16.9
01/28/90,16.9
01/29/90,13.6
01/30/90,16.4
01/31/90,16.1
02/01/90,12
02/02/90,12.2
02/03/90,14.8
02/04/90,14.8
02/05/90,14.4
02/06/90,12.9
02/07/90,13.4
02/08/90,15.9
02/09/90,16.1
02/10/90,17.6
02/11/90,15.6
02/12/90,15
02/13/90,13
02/14/90,14.1
02/15/90,17.3
02/16/90,15.7
02/17/90,18.6
02/18/90,12.7
02/19/90,14
02/20/90,13.7
02/21/90,16.3
02/22/90,20
02/23/90,17
02/24/90,15.2
02/25/90,16.5
02/26/90,16.5
02/27/90,17.3
02/28/90,19.1
03/01/90,19.3
03/02/90,17.3
03/03/90,19
03/04/90,19.8
03/05/90,19.3
03/06/90,17.2
03/07/90,14.2
03/08/90,10.3
03/09/90,13
03/10/90,15.3
03/11/90,15
03/12/90,12.1
03/13/90,9.2
03/14/90,11
03/15/90,15
03/16/90,11.6
03/17/90,11.6
03/18/90,15.1
03/19/90,15
03/20/90,13.6
03/21/90,12.5
03/22/90,14.3
03/23/90,16
03/24/90,17.4
03/25/90,16.9
03/26/90,18
03/27/90,20.6
03/28/90,14.2
03/29/90,10.9
03/30/90,11.9
03/31/90,13.3
04/01/90,15.3
04/02/90,14.7
04/03/90,11
04/04/90,12.2
04/05/90,14.2
04/06/90,17
04/07/90,15.8
04/08/90,15.2
04/09/90,15.1
04/10/90,14.7
04/11/90,18.5
04/12/90,16.4
04/13/90,18.4
04/14/90,15.1
04/15/90,9.9
04/16/90,10.2
04/17/90,12.6
04/18/90,13.2
04/19/90,11.5
04/20/90,13.8
04/21/90,14.5
04/22/90,14.7
04/23/90,11.2
04/24/90,12.7
04/25/90,13.7
04/26/90,11.5
04/27/90,10.4
04/28/90,8.9
04/29/90,11.1
04/30/90,9.5
05/01/90,13
05/02/90,13.9
05/03/90,12.6
05/04/90,14.3
05/05/90,16
05/06/90,13.3
05/07/90,7
05/08/90,4.9
05/09/90,6.9
05/10/90,13.7
05/11/90,10.6
05/12/90,12.3
05/13/90,11.1
05/14/90,10.2
05/15/90,9.5
05/16/90,8.9
05/17/90,13.4
05/18/90,9.1
05/19/90,9.4
05/20/90,8.7
05/21/90,5.8
05/22/90,4.5
05/23/90,7.2
05/24/90,10
05/25/90,10.5
05/26/90,10.7
05/27/90,8.2
05/28/90,6.1
05/29/90,4.5
05/30/90,6.1
05/31/90,9.8
06/01/90,9.7
06/02/90,8.2
06/03/90,8.4
06/04/90,8.5
06/05/90,10.4
06/06/90,6.8
06/07/90,6
06/08/90,6.6
06/09/90,7.8
06/10/90,10.3
06/11/90,7.2
06/12/90,7.4
06/13/90,11.4
06/14/90,5.4
06/15/90,4.4
06/16/90,6.4
06/17/90,9.3
06/18/90,7.7
06/19/90,8.1
06/20/90,8.3
06/21/90,9.1
06/22/90,7.7
06/23/90,10.6
06/24/90,8.2
06/25/90,7.9
06/26/90,5.2
06/27/90,5.9
06/28/90,3.7
06/29/90,5.6
06/30/90,9.4
07/01/90,7.4
07/02/90,7.3
07/03/90,7.7
07/04/90,7.7
07/05/90,9.3
07/06/90,4.4
07/07/90,5.7
07/08/90,10.2
07/09/90,10.2
07/10/90,9.3
07/11/90,5.4
07/12/90,5
07/13/90,7.6
07/14/90,9.6
07/15/90,10.4
07/16/90,11.2
07/17/90,9.1
07/18/90,11.2
07/19/90,6.8
07/20/90,8.3
07/21/90,9.7
07/22/90,9.6
07/23/90,9.8
07/24/90,10.8
07/25/90,9.2
07/26/90,6.5
07/27/90,8.1
07/28/90,7.3
07/29/90,7.9
07/30/90,6
07/31/90,5
08/01/90,6.8
08/02/90,9.8
08/03/90,5.7
08/04/90,8.6
08/05/90,10.6
08/06/90,7.8
08/07/90,7.7
08/08/90,8.6
08/09/90,6.5
08/10/90,6.9
08/11/90,6.4
08/12/90,8.5
08/13/90,7.8
08/14/90,9.3
08/15/90,8.4
08/16/90,7.8
08/17/90,7.4
08/18/90,7.7
08/19/90,8.9
08/20/90,9.7
08/21/90,9.9
08/22/90,6.1
08/23/90,6.6
08/24/90,7.6
08/25/90,7.4
08/26/90,8
08/27/90,2.1
08/28/90,5.9
08/29/90,11.6
08/30/90,8.6
08/31/90,7.9
09/01/90,6
09/02/90,9.5
09/03/90,8.6
09/04/90,7.6
09/05/90,10.4
09/06/90,10.3
09/07/90,7.5
09/08/90,3
09/09/90,5.3
09/10/90,10.5
09/11/90,14.6
09/12/90,12.6
09/13/90,9.8
09/14/90,7.2
09/15/90,10.1
09/16/90,10.4
09/17/90,3.7
09/18/90,7.3
09/19/90,11.6
09/20/90,16.3
09/21/90,9.6
09/22/90,6.8
09/23/90,5.2
09/24/90,10.6
09/25/90,16.3
09/26/90,9.8
09/27/90,4.6
09/28/90,11.1
09/29/90,8.7
09/30/90,10
10/01/90,11.3
10/02/90,10.5
10/03/90,9.9
10/04/90,11
10/05/90,14
10/06/90,9.2
10/07/90,9.8
10/08/90,6
10/09/90,9.8
10/10/90,9.2
10/11/90,11.8
10/12/90,10.3
10/13/90,7.5
10/14/90,7.7
10/15/90,15.8
10/16/90,14.6
10/17/90,10.5
10/18/90,11.3
10/19/90,10.9
10/20/90,6.4
10/21/90,10.9
10/22/90,9
10/23/90,10.9
10/24/90,12.4
10/25/90,11.6
10/26/90,13.3
10/27/90,14.4
10/28/90,18.4
10/29/90,13.6
10/30/90,14.9
10/31/90,14.8
11/01/90,15.4
11/02/90,11.8
11/03/90,13
11/04/90,11.1
11/05/90,12.5
11/06/90,18.3
11/07/90,19.2
11/08/90,15.4
11/09/90,13.1
11/10/90,11.5
11/11/90,8.6
11/12/90,12.6
11/13/90,13.8
11/14/90,14.6
11/15/90,13.2
11/16/90,12.3
11/17/90,8.8
11/18/90,10.7
11/19/90,9.9
11/20/90,8.3
11/21/90,15
11/22/90,12.2
11/23/90,10.5
11/24/90,11.1
11/25/90,13
11/26/90,12.9
11/27/90,8.8
11/28/90,14.7
11/29/90,14.7
11/30/90,12.7
12/01/90,13.3
12/02/90,13.2
12/03/90,16.2
12/04/90,17.3
12/05/90,20.5
12/06/90,20.2
12/07/90,19.4
12/08/90,15.5
12/09/90,14.1
12/10/90,11
12/11/90,11.1
12/12/90,14
12/13/90,11.4
12/14/90,12.5
12/15/90,13.4
12/16/90,13.6
12/17/90,13.9
12/18/90,17.2
12/19/90,14.7
12/20/90,15.4
12/21/90,13.1
12/22/90,13.2
12/23/90,13.9
12/24/90,10
12/25/90,12.9
12/26/90,14.6
12/27/90,14
12/28/90,13.6
12/29/90,13.5
12/30/90,15.7
12/31/90,13
